"Code variable";"Question -- variable";"Code modalité";"Modalité"
"UID_caps";"Identifiant anonyme enquête";"";""
"caps_QC01A";"Êtes-vous gêné(e) d'une manière ou d'une autre dans vos activités quotidiennes par une maladie de longue durée, un handicap, une infirmité ou un problème de santé mentale ?";"1";"Oui"
"";"";"2";"Non"
"";"";"9999";"Refuse de répondre"
"caps_QC02A";"Avez-vous (ou avez-vous eu) un ou plusieurs enfants, qu'ils soient majeurs ou mineurs ?";"1";"Oui"
"";"";"2";"Non"
"";"";"9999";"Refuse de répondre"
"caps_QC02";"Avez-vous déjà eu recours à une crèche, une assistante maternelle, ou encore une nounou, même il y a longtemps, avant que vos enfants rentrent à l'école ?";"1";"Oui"
"";"";"2";"Non, car je n’ai pas trouvé de place / ma situation ne me le permettait pas"
"";"";"3";"Non, et je n’aurais pas voulu en utiliser /  c’était un choix"
"";"";"6666";"Non concerné"
"";"";"9999";"Refuse de répondre"
"caps_QC03";"Dans quelle mesure êtes-vous d'accord avec l'affirmation suivante :

Les enfants qui ont été gardés en crèche avant 3 ans ont plus de facilités quand ils rentrent à la maternelle que les autres.";"1";"Pas du tout d'accord"
"";"";"2";"Plutôt pas d'accord"
"";"";"3";"Ni d'accord, ni pas d'accord"
"";"";"4";"Plutôt d'accord"
"";"";"5";"Tout à fait d'accord"
"";"";"9999";"Refuse de répondre"
"caps_QC04A_NPS_GROUP";"- Garantir un niveau de vie convenable aux personnes âgées - Groupe";"1";"Détracteur"
"";"";"2";"Passif"
"";"";"3";"Promoteur"
"";"";"9999";"Refuse de répondre"
"caps_QC04A";"- Garantir un niveau de vie convenable aux personnes âgées";"0";"0"
"";"";"1";"1"
"";"";"2";"2"
"";"";"3";"3"
"";"";"4";"4"
"";"";"5";"5"
"";"";"6";"6"
"";"";"7";"7"
"";"";"8";"8"
"";"";"9";"9"
"";"";"10";"10"
"";"";"9999";"Refuse de répondre"
"caps_QC04B_NPS_GROUP";"- Garantir un niveau de vie convenable aux chômeurs - Groupe";"1";"Détracteur"
"";"";"2";"Passif"
"";"";"3";"Promoteur"
"";"";"9999";"Refuse de répondre"
"caps_QC04B";"- Garantir un niveau de vie convenable aux chômeurs";"0";"0"
"";"";"1";"1"
"";"";"2";"2"
"";"";"3";"3"
"";"";"4";"4"
"";"";"5";"5"
"";"";"6";"6"
"";"";"7";"7"
"";"";"8";"8"
"";"";"9";"9"
"";"";"10";"10"
"";"";"9999";"Refuse de répondre"
"caps_QC04C_NPS_GROUP";"- Garantir suffisamment de places en crèches pour les parents - Groupe";"1";"Détracteur"
"";"";"2";"Passif"
"";"";"3";"Promoteur"
"";"";"9999";"Refuse de répondre"
"caps_QC04C";"- Garantir suffisamment de places en crèches pour les parents";"0";"0"
"";"";"1";"1"
"";"";"2";"2"
"";"";"3";"3"
"";"";"4";"4"
"";"";"5";"5"
"";"";"6";"6"
"";"";"7";"7"
"";"";"8";"8"
"";"";"9";"9"
"";"";"10";"10"
"";"";"9999";"Refuse de répondre"
"caps_QC04D_NPS_GROUP";"- Garantir des conditions de vie convenables aux enfants de moins de trois ans - Groupe";"1";"Détracteur"
"";"";"2";"Passif"
"";"";"3";"Promoteur"
"";"";"9999";"Refuse de répondre"
"caps_QC04D";"- Garantir des conditions de vie convenables aux enfants de moins de trois ans";"0";"0"
"";"";"1";"1"
"";"";"2";"2"
"";"";"3";"3"
"";"";"4";"4"
"";"";"5";"5"
"";"";"6";"6"
"";"";"7";"7"
"";"";"8";"8"
"";"";"9";"9"
"";"";"10";"10"
"";"";"9999";"Refuse de répondre"
"caps_QC04E_NPS_GROUP";"- Garantir un niveau de vie convenable aux personnes immigrées - Groupe";"1";"Détracteur"
"";"";"2";"Passif"
"";"";"3";"Promoteur"
"";"";"9999";"Refuse de répondre"
"caps_QC04E";"- Garantir un niveau de vie convenable aux personnes immigrées";"0";"0"
"";"";"1";"1"
"";"";"2";"2"
"";"";"3";"3"
"";"";"4";"4"
"";"";"5";"5"
"";"";"6";"6"
"";"";"7";"7"
"";"";"8";"8"
"";"";"9";"9"
"";"";"10";"10"
"";"";"9999";"Refuse de répondre"
"caps_QC05_1";"Dans quelle mesure êtes-vous d’accord avec les affirmations suivantes : - Les chômeurs pourraient trouver du travail s’ils le voulaient vraiment";"1";"Pas du tout d'accord"
"";"";"2";"Plutôt pas d'accord"
"";"";"3";"Ni d'accord, ni pas d'accord"
"";"";"4";"Plutôt d'accord"
"";"";"5";"Tout à fait d'accord"
"";"";"9999";"Refuse de répondre"
"caps_QC05_2";"Dans quelle mesure êtes-vous d’accord avec les affirmations suivantes : - C'est la faute des gens s'ils deviennent chômeurs de longue durée";"1";"Pas du tout d'accord"
"";"";"2";"Plutôt pas d'accord"
"";"";"3";"Ni d'accord, ni pas d'accord"
"";"";"4";"Plutôt d'accord"
"";"";"5";"Tout à fait d'accord"
"";"";"9999";"Refuse de répondre"
"caps_QC05_DO_QC05_1";"Dans quelle mesure êtes-vous d’accord avec les affirmations suivantes : - Display Order QC05_1";"";""
"caps_QC05_DO_QC05_2";"Dans quelle mesure êtes-vous d’accord avec les affirmations suivantes : - Display Order QC05_2";"";""
"caps_QC06A_NPS_GROUP";"- Le gouvernement fournit une aide financière supplémentaire à tous les parents d’enfants de moins de trois ans. - Groupe";"1";"Détracteur"
"";"";"2";"Passif"
"";"";"3";"Promoteur"
"";"";"9999";"Refuse de répondre"
"caps_QC06A";"- Le gouvernement fournit une aide financière supplémentaire à tous les parents d’enfants de moins de trois ans.";"0";"0"
"";"";"1";"1"
"";"";"2";"2"
"";"";"3";"3"
"";"";"4";"4"
"";"";"5";"5"
"";"";"6";"6"
"";"";"7";"7"
"";"";"8";"8"
"";"";"9";"9"
"";"";"10";"10"
"";"";"9999";"Refuse de répondre"
"caps_QC06B_NPS_GROUP";"- Le gouvernement fournit une aide financière supplémentaire pour les parents d’enfants de moins de trois ans les plus défavorisés. - Groupe";"1";"Détracteur"
"";"";"2";"Passif"
"";"";"3";"Promoteur"
"";"";"9999";"Refuse de répondre"
"caps_QC06B";"- Le gouvernement fournit une aide financière supplémentaire pour les parents d’enfants de moins de trois ans les plus défavorisés.";"0";"0"
"";"";"1";"1"
"";"";"2";"2"
"";"";"3";"3"
"";"";"4";"4"
"";"";"5";"5"
"";"";"6";"6"
"";"";"7";"7"
"";"";"8";"8"
"";"";"9";"9"
"";"";"10";"10"
"";"";"9999";"Refuse de répondre"
"caps_QC06C_NPS_GROUP";"- Le gouvernement augmente le nombre de places en crèche pour tous les enfants. - Groupe";"1";"Détracteur"
"";"";"2";"Passif"
"";"";"3";"Promoteur"
"";"";"9999";"Refuse de répondre"
"caps_QC06C";"- Le gouvernement augmente le nombre de places en crèche pour tous les enfants.";"0";"0"
"";"";"1";"1"
"";"";"2";"2"
"";"";"3";"3"
"";"";"4";"4"
"";"";"5";"5"
"";"";"6";"6"
"";"";"7";"7"
"";"";"8";"8"
"";"";"9";"9"
"";"";"10";"10"
"";"";"9999";"Refuse de répondre"
"caps_QC06D_NPS_GROUP";"- Le gouvernement augmente le nombre de places en crèche pour les enfants des foyers les plus défavorisés en priorité. - Groupe";"1";"Détracteur"
"";"";"2";"Passif"
"";"";"3";"Promoteur"
"";"";"9999";"Refuse de répondre"
"caps_QC06D";"- Le gouvernement augmente le nombre de places en crèche pour les enfants des foyers les plus défavorisés en priorité.";"0";"0"
"";"";"1";"1"
"";"";"2";"2"
"";"";"3";"3"
"";"";"4";"4"
"";"";"5";"5"
"";"";"6";"6"
"";"";"7";"7"
"";"";"8";"8"
"";"";"9";"9"
"";"";"10";"10"
"";"";"9999";"Refuse de répondre"
"caps_QC07";"L’État fournit des allocations, c’est-à-dire de l’argent, pour aider les ménages à faibles revenus.
À votre avis, quel est l'effet de ces politiques ?



""Par rapport à des ménages similaires qui ne reçoivent pas cet argent, ceux qui reçoivent une aide...";"1";"... dépensent plus pour l'achat de biens non essentiels, comme l’alcool et le tabac."""
"";"";"2";"... ne dépensent pas plus pour l'achat de biens non essentiels, comme l’alcool et le tabac."""
"";"";"9999";"Refuse de répondre"
"caps_QC08_1";"Imaginez que le gouvernement ait décidé de débloquer des fonds pour aider les ménages les plus vulnérables sous la forme de virements bancaires. Le gouvernement a le choix de répartir ces fonds entre plusieurs groupes de gens.



Dans quelle mesure êtes-vous d'accord avec cette politique pour chaque groupe ? - Les personnes en situation de handicap";"";""
"caps_QC08_2";"Imaginez que le gouvernement ait décidé de débloquer des fonds pour aider les ménages les plus vulnérables sous la forme de virements bancaires. Le gouvernement a le choix de répartir ces fonds entre plusieurs groupes de gens.



Dans quelle mesure êtes-vous d'accord avec cette politique pour chaque groupe ? - Les personnes au chômage";"";""
"caps_QC08_3";"Imaginez que le gouvernement ait décidé de débloquer des fonds pour aider les ménages les plus vulnérables sous la forme de virements bancaires. Le gouvernement a le choix de répartir ces fonds entre plusieurs groupes de gens.



Dans quelle mesure êtes-vous d'accord avec cette politique pour chaque groupe ? - Les personnes âgées";"";""
"caps_QC08_4";"Imaginez que le gouvernement ait décidé de débloquer des fonds pour aider les ménages les plus vulnérables sous la forme de virements bancaires. Le gouvernement a le choix de répartir ces fonds entre plusieurs groupes de gens.



Dans quelle mesure êtes-vous d'accord avec cette politique pour chaque groupe ? - Les personnes immigrées";"";""
"caps_QC08_5";"Imaginez que le gouvernement ait décidé de débloquer des fonds pour aider les ménages les plus vulnérables sous la forme de virements bancaires. Le gouvernement a le choix de répartir ces fonds entre plusieurs groupes de gens.



Dans quelle mesure êtes-vous d'accord avec cette politique pour chaque groupe ? - Les jeunes enfants au travers de l’aide fournie à leur parent";"";""
"caps_QC09A";"- Les personnes en situation de handicap";"1";"Une allocation handicap"
"";"";"2";"Une formation pour trouver un emploi adapté"
"";"";"9999";"Refuse de répondre"
"caps_QC09B";"- Les personnes au chômage";"1";"Une allocation chômage"
"";"";"2";"Une formation rémunérée pour trouver un emploi adapté"
"";"";"9999";"Refuse de répondre"
"caps_QC09C";"- Les familles monoparentales (parent seul) avec un enfant de moins de 3 ans";"1";"Une allocation familiale"
"";"";"2";"L'attribution d'une place en crèche"
"";"";"9999";"Refuse de répondre"
"caps_QC09D";"- Les personnes en situation de grande pauvreté";"1";"Une allocation sociale"
"";"";"2";"Une formation rémunérée pour trouver un emploi adapté"
"";"";"9999";"Refuse de répondre"
"caps_QC09E_NPS_GROUP";"À votre avis, la protection chômage devrait servir à … ? - Groupe";"1";"Détracteur"
"";"";"2";"Passif"
"";"";"3";"Promoteur"
"";"";"9999";"Refuse de répondre"
"caps_QC09E";"À votre avis, la protection chômage devrait servir à … ?";"0";"0"
"";"";"1";"1"
"";"";"2";"2"
"";"";"3";"3"
"";"";"4";"4"
"";"";"5";"5"
"";"";"6";"6"
"";"";"7";"7"
"";"";"8";"8"
"";"";"9";"9"
"";"";"10";"10"
"";"";"9999";"Refuse de répondre"
"caps_QC08B_1";"Imaginez que le gouvernement ait décidé de débloquer des fonds pour aider les ménages les plus vulnérables sous la forme de transferts monétaires, c’est-à-dire des virements bancaires. Le gouvernement a le choix de répartir ces fonds entre plusieurs groupes de gens.



Dans quelle mesure êtes-vous d'accord avec cette politique pour chaque groupe ? - QC08B1";"";""
"caps_QC08B_2";"Imaginez que le gouvernement ait décidé de débloquer des fonds pour aider les ménages les plus vulnérables sous la forme de transferts monétaires, c’est-à-dire des virements bancaires. Le gouvernement a le choix de répartir ces fonds entre plusieurs groupes de gens.



Dans quelle mesure êtes-vous d'accord avec cette politique pour chaque groupe ? - QC08B2";"";""
"caps_QC08B_3";"Imaginez que le gouvernement ait décidé de débloquer des fonds pour aider les ménages les plus vulnérables sous la forme de transferts monétaires, c’est-à-dire des virements bancaires. Le gouvernement a le choix de répartir ces fonds entre plusieurs groupes de gens.



Dans quelle mesure êtes-vous d'accord avec cette politique pour chaque groupe ? - QC08B3";"";""
"caps_QC08B_4";"Imaginez que le gouvernement ait décidé de débloquer des fonds pour aider les ménages les plus vulnérables sous la forme de transferts monétaires, c’est-à-dire des virements bancaires. Le gouvernement a le choix de répartir ces fonds entre plusieurs groupes de gens.



Dans quelle mesure êtes-vous d'accord avec cette politique pour chaque groupe ? - QC08B5";"";""
"caps_QC08B_5";"Imaginez que le gouvernement ait décidé de débloquer des fonds pour aider les ménages les plus vulnérables sous la forme de transferts monétaires, c’est-à-dire des virements bancaires. Le gouvernement a le choix de répartir ces fonds entre plusieurs groupes de gens.



Dans quelle mesure êtes-vous d'accord avec cette politique pour chaque groupe ? - QC08B5";"";""
"caps_QC09A_2";"- Les personnes en situation de handicap";"1";"Une allocation handicap"
"";"";"2";"Une formation rémunérée pour trouver un emploi adapté"
"";"";"9999";"Refuse de répondre"
"caps_QC09B_2";"- Les personnes au chômage";"1";"Une allocation chômage"
"";"";"2";"Une formation rémunérée pour trouver un emploi adapté"
"";"";"9999";"Refuse de répondre"
"caps_QC09C_2";"- Les familles monoparentales (parent seul) avec un enfant de moins de 3 ans";"1";"Una allocation familiale"
"";"";"2";"L'attribution d'une place en crèche"
"";"";"9999";"Refuse de répondre"
"caps_QC09D_2";"- Les personnes en situation de grande pauvreté";"1";"Une allocation sociale"
"";"";"2";"Une formation rémunérée pour trouver un emploi adapté"
"";"";"9999";"Refuse de répondre"
"caps_QC09E_2_NPS_GROUP";"À votre avis, la protection chômage devrait servir à … ? - Groupe";"1";"Détracteur"
"";"";"2";"Passif"
"";"";"3";"Promoteur"
"";"";"9999";"Refuse de répondre"
"caps_QC09E_2";"À votre avis, la protection chômage devrait servir à … ?";"0";"0"
"";"";"1";"1"
"";"";"2";"2"
"";"";"3";"3"
"";"";"4";"4"
"";"";"5";"5"
"";"";"6";"6"
"";"";"7";"7"
"";"";"8";"8"
"";"";"9";"9"
"";"";"10";"10"
"";"";"9999";"Refuse de répondre"
"caps_ccl_q01_NPS_GROUP";"Sur une échelle de 0 à 10, où 0 signifie que vous n’avez pas du tout apprécié répondre à ce questionnaire et 10 que vous avez beaucoup apprécié, où vous situeriez-vous ? - Groupe";"1";"Détracteur"
"";"";"2";"Passif"
"";"";"3";"Promoteur"
"";"";"9999";"Refuse de répondre"
"caps_ccl_q01";"Sur une échelle de 0 à 10, où 0 signifie que vous n’avez pas du tout apprécié répondre à ce questionnaire et 10 que vous avez beaucoup apprécié, où vous situeriez-vous ?";"0";"0"
"";"";"1";"1"
"";"";"2";"2"
"";"";"3";"3"
"";"";"4";"4"
"";"";"5";"5"
"";"";"6";"6"
"";"";"7";"7"
"";"";"8";"8"
"";"";"9";"9"
"";"";"10";"10"
"";"";"9999";"Refuse de répondre"
"caps_ccl_q02";"Avez-vous rencontré des difficultés dans la compréhension des questions ?";"1";"oui_toutes"
"";"";"2";"oui_plupart"
"";"";"3";"oui_quelques"
"";"";"4";"non"
"";"";"9999";"Refuse de répondre"
"caps_ccl_q03";"Avez-vous rencontré des difficultés pour faire un choix parmi les réponses proposées ?";"1";"oui_toutes"
"";"";"2";"oui_plupart"
"";"";"3";"oui_quelques"
"";"";"4";"non"
"";"";"9999";"Refuse de répondre"
"caps_ccl_q04";"Avez-vous des remarques ou des suggestions à nous faire concernant ce questionnaire (difficultés techniques, intérêt pour les thèmes, etc.) ?";"";""
"caps_ccl_q05_1";"Enfin, vous avez trouvé le questionnaire : - Intéressant";"1";"Pas du tout d'accord"
"";"";"2";"Plutôt pas d'accord"
"";"";"3";"Plutôt d'accord"
"";"";"4";"Tout à fait d'accord"
"";"";"5";"Je ne sais pas"
"";"";"9999";"Refuse de répondre"
"caps_ccl_q05_2";"Enfin, vous avez trouvé le questionnaire : - Important pour la recherche";"1";"Pas du tout d'accord"
"";"";"2";"Plutôt pas d'accord"
"";"";"3";"Plutôt d'accord"
"";"";"4";"Tout à fait d'accord"
"";"";"5";"Je ne sais pas"
"";"";"9999";"Refuse de répondre"
"caps_ccl_q05_3";"Enfin, vous avez trouvé le questionnaire : - Long";"1";"Pas du tout d'accord"
"";"";"2";"Plutôt pas d'accord"
"";"";"3";"Plutôt d'accord"
"";"";"4";"Tout à fait d'accord"
"";"";"5";"Je ne sais pas"
"";"";"9999";"Refuse de répondre"
"caps_ccl_q05_4";"Enfin, vous avez trouvé le questionnaire : - Trop personnel";"1";"Pas du tout d'accord"
"";"";"2";"Plutôt pas d'accord"
"";"";"3";"Plutôt d'accord"
"";"";"4";"Tout à fait d'accord"
"";"";"5";"Je ne sais pas"
"";"";"9999";"Refuse de répondre"
"caps_ccl_q05_5";"Enfin, vous avez trouvé le questionnaire : - Original";"1";"Pas du tout d'accord"
"";"";"2";"Plutôt pas d'accord"
"";"";"3";"Plutôt d'accord"
"";"";"4";"Tout à fait d'accord"
"";"";"5";"Je ne sais pas"
"";"";"9999";"Refuse de répondre"
"caps_ccl_q05_6";"Enfin, vous avez trouvé le questionnaire : - Répétitif";"1";"Pas du tout d'accord"
"";"";"2";"Plutôt pas d'accord"
"";"";"3";"Plutôt d'accord"
"";"";"4";"Tout à fait d'accord"
"";"";"5";"Je ne sais pas"
"";"";"9999";"Refuse de répondre"
"caps_ALEA_C";"ALEA_C";"";""
"caps_SliderOrder";"SliderOrder";"";""
"caps_Slider_S1";"Slider_S1";"";""
"caps_Slider_S2";"Slider_S2";"";""
"caps_Slider_S3";"Slider_S3";"";""
"caps_Slider_S4";"Slider_S4";"";""
"caps_Slider_S5";"Slider_S5";"";""
"caps_Choix_QC09A";"Choix_QC09A";"";""
"caps_Choix_QC09B";"Choix_QC09B";"";""
"caps_Choix_QC09C";"Choix_QC09C";"";""
"caps_Choix_QC09D";"Choix_QC09D";"";""
"caps_Choix_QC09E";"Choix_QC09E";"";""
"caps_Choix_QC09A_2";"Choix_QC09A_2";"";""
"caps_Choix_QC09B_2";"Choix_QC09B_2";"";""
"caps_Choix_QC09C_2";"Choix_QC09C_2";"";""
"caps_Choix_QC09D_2";"Choix_QC09D_2";"";""
"caps_Choix_QC09E_2";"Choix_QC09E_2";"";""
"caps_Device";"Device";"";""
"caps_Version";"Version";"";""
"caps_caps_QC04_DO_QC04E";"";"";""
"caps_caps_QC04_DO_QC04D";"";"";""
"caps_caps_QC04_DO_QC04C";"";"";""
"caps_caps_QC04_DO_QC04B";"";"";""
"caps_caps_QC04_DO_QC04A";"";"";""
"caps_caps_QC04_DO_transition";"";"";""
"caps_caps_QC06_DO_transition";"";"";""
"caps_caps_QC06_DO_QC06D";"";"";""
"caps_caps_QC06_DO_QC06C";"";"";""
"caps_caps_QC06_DO_QC06B";"";"";""
"caps_caps_QC06_DO_QC06A";"";"";""
"caps_txNr";"Taux de refus de réponse";"";""
"cal_AGE";" -- Age décennal (calage)";"1";"18-25 ans"
"";"";"2";"26-35 ans"
"";"";"3";"36-45 ans"
"";"";"4";"46-55 ans"
"";"";"5";"56-65 ans"
"";"";"6";"66-75 ans"
"";"";"7";"76 ans et plus"
"cal_DIPL";" -- Diplôme (calage) ";"1";"Diplôme d’enseignement supérieur"
"";"";"2";"BAC – BAC+2"
"";"";"3";"CAP + BEPC"
"";"";"4";"Sans diplôme + non déclaré"
"cal_SEXE";" -- Sexe (calage)";"1";"Masculin"
"";"";"2";"Féminin"
"cal_TUU";" -- Tranche d’unité urbaine (calage)";"0";"Rural"
"";"";"1";"Agglomération de moins de 19 999 habitants"
"";"";"4";"...entre 20 000 et 99 999…"
"";"";"6";"...entre 100 000 et 1 999 999 habitants…"
"";"";"8";"Agglomération parisienne"
"cal_ZEAT";" -- ZEAT (calage)";"1";"Région parisienne"
"";"";"2";"Bassin parisien"
"";"";"3";"Nord"
"";"";"4";"Est"
"";"";"5";"Ouest"
"";"";"7";"Sud-ouest"
"";"";"8";"Centre-est"
"";"";"9";"Méditerranée"
"PDSPLT_INIT";" -- Poids initiaux – panel rafraîchi en 2020";;""
"POIDS_INIT";" -- Poids initiaux – panel rafraîchi en 2023";;""
"panel";" -- Vague de recrutement/rafraîchissement ELIPSS";"1";"2012"
"";"";"2";"2016"
"";"";"3";"2020"
"";"";"4";"2022"
"POIDS_caps";" -- Poids individu – panel rafraîchi en 2023";;""
"PDSPLT_caps";" -- Poids individu – panel rafraîchi en 2020";;""
"eayy_a3_rec";"Avez-vous la nationalité française ? -- A la nationalité francaise (recodage)";"1";" Oui, de naissance"
"";"";"2";" (Oui par réintération, naturalisation, par mariage, par déclaration ou option à la majorité (ou avant))"
"";"";"3";" Non"
"";"";"4";" Apatride"
"";"";"9999";"Refuse de répondre"
"";"";"9996";"Non enquêté"
"eayy_a4_rev";"Parmi les situations suivantes, laquelle vous correspond le mieux ? -- Statut matrimonial légal";"1";" Célibataire (jamais légalement marié·e, ni pacsé·e)"
"";"";"2";" Pacsé·e"
"";"";"3";" Union libre ou concubinage"
"";"";"4";" Marié· (ou séparé·e mais non divorcé·e)"
"";"";"5";" Divorcé·e"
"";"";"6";" Pacs dissout"
"";"";"7";" Veuf·ve"
"";"";"9999";"Refuse de répondre"
"";"";"9996";"Non enquêté"
"eayy_a5";"Êtes-vous en couple ? -- Vit en couple";"1";" Oui, et nous vivons dans le même logement"
"";"";"2";" Oui, mais nous ne vivons pas dans le même logement"
"";"";"3";" Non"
"";"";"9999";"Refuse de répondre"
"";"";"9996";"Non enquêté"
"eayy_a5c_rec";"Depuis combien de temps êtes-vous en couple avec cette personne ? -- Ancienneté du couple (recodage)";"1";" Moins de 2 ans"
"";"";"2";" De  2 et 4 ans"
"";"";"3";" De 5 et 9 ans"
"";"";"4";" De 10 et 14 ans"
"";"";"5";" De 15 à 19 ans"
"";"";"6";" De 20 à 24 ans"
"";"";"7";" 25 ans et plus"
"";"";"6666";"Non concerné"
"";"";"9999";"Refuse de répondre"
"";"";"9996";"Non enquêté"
"eayy_b1_rev";"Quelle est actuellement votre situation principale vis-à-vis du travail ? (variable effective à partir de 2021) -- Situation principale vis-à-vis du travail (variable effective à partir de 2021)";"1";" Occupe un emploi"
"";"";"2";" Apprenti·e sous contrat ou stagiaire rémunéré"
"";"";"3";" Étudiant.e, élève, en formation ou stagiaire non rémunéré"
"";"";"4";" Chômeur (inscrit ou non au Pôle Emploi)"
"";"";"5";" Retraité.e ou retiré.e des affaires ou en préretraite"
"";"";"6";" Femme ou homme au foyer"
"";"";"7";" Inactif.ve pour cause d’invalidité"
"";"";"8";" Autre situation d’inactivité"
"";"";"9999";"Refuse de répondre"
"";"";"9996";"Non enquêté"
"eayy_b10a";"Cherchez-vous un emploi ? -- Recherche d'emploi";"1";" Oui, depuis moins d'un an"
"";"";"2";" Oui, depuis un an ou plus"
"";"";"3";" Non"
"";"";"6666";"Non concerné"
"";"";"9996";"Non enquêté"
"eayy_b11";"Avez-vous déjà travaillé, même il y a longtemps ? -- Ne travaille pas mais a déjà travaillé";"1";" Oui"
"";"";"2";" Non"
"";"";"6666";"Non concerné"
"";"";"9999";"Refuse de répondre"
"";"";"9996";"Non enquêté"
"eayy_b11cjt";"Votre conjoint(e) a-t-il/elle déjà travaillé, même il y a longtemps ? -- ";"1";" Oui"
"";"";"2";" Non"
"";"";"6666";"Non concerné"
"";"";"9999";"Refuse de répondre"
"";"";"9996";"Non enquêté"
"eayy_b18_rec";"Quel est le plus haut diplôme que vous avez obtenu ? -- Diplôme le plus élevé (recodage)";"1";" Aucun diplôme"
"";"";"4";" CEP (certificat d'études primaires)"
"";"";"5";" BEPC, diplôme national du brevet"
"";"";"6";" CAP ou CAP agricole mention complémentaire au CAP, autre diplôme ou titre professionnel de niveau CAP"
"";"";"7";" BEP"
"";"";"8";" Baccalauréat général, brevet supérieur"
"";"";"9";" Baccalauréat technologique (F, G, H, STT,STG, STI, SMS, ST2S, STI2D, STAE, STAVN), professionnel (y compris agricole), capacité en droit, DAEU,   ESEU, autre diplôme ou titre professionnel de niveau baccalauréat (BP, BTN) "
"";"";"10";" Diplôme de 1er cycle universitaire, BTS, DUT, diplôme des professions sociales ou de la santé, d'infirmier(ère)"
"";"";"11";" Diplôme de 2e ou 3e cycle universitaire (y compris médecine,   pharmacie, dentaire), diplôme d'ingénieur, d'une grande école, doctorat, etc"
"";"";"88";"Ne sait pas"
"";"";"9996";"Non enquêté"
"eayy_b18c";"Variable recodée à partir de la variable B18_rec -- Niveau de formation (recodage)";"1";"Niveau VI : sans diplôme ou Brevet des collèges"
"";"";"2";"Niveau V : CAP ou BEP"
"";"";"3";"Niveau IV : Baccalauréat général, technologique ou professionnel"
"";"";"4";"Niveau III : diplômes de niveau Bac+2 (DUT, BTS, DEUG, écoles des formations sanitaires ou sociales,"
"";"";"5";"Niveau II et I : diplômes de 2nd et 3e cycle universitaire (licence, maîtrise, master, DEA, DESS, doctorat) ou diplôme de grande école"
"";"";"8";"Ne sait pas"
"";"";"9996";"Non enquêté"
"eayy_b18ccjt";"Variable recodée à partir de la variable B18CJT_rec -- Niveau de formation (conjoint) (recodage)";"1";"Niveau VI : sans diplôme ou Brevet des collèges"
"";"";"2";"Niveau V : CAP ou BEP"
"";"";"3";"Niveau IV : Baccalauréat général, technologique ou professionnel"
"";"";"4";"Niveau III : diplômes de niveau Bac+2 (DUT, BTS, DEUG, écoles des formations sanitaires ou sociales,"
"";"";"5";"Niveau II et I : diplômes de 2nd et 3e cycle universitaire (licence, maîtrise, master, DEA, DESS, doctorat) ou diplôme de grande école"
"";"";"8";"Ne sait pas"
"";"";"6666";"Non concerné"
"";"";"9999";"Refuse de répondre"
"";"";"9996";"Non enquêté"
"eayy_b18cjt_rec";"Quel est le plus haut diplôme que votre conjoint(e) a obtenu ? -- Diplôme le plus élevé (conjoint) (recodage)";"1";" Aucun diplôme"
"";"";"4";" CEP (certificat d'études primaires)"
"";"";"5";" BEPC, diplôme national du brevet"
"";"";"6";" CAP ou CAP agricole mention complémentaire au CAP, autre diplôme ou titre professionnel de niveau CAP"
"";"";"7";" BEP"
"";"";"8";" Baccalauréat général, brevet supérieur"
"";"";"9";" Baccalauréat technologique (F, G, H, STT,STG, STI, SMS, ST2S, STI2D, STAE, STAVN), professionnel (y compris agricole), capacité en droit, DAEU, ESEU, autre diplôme ou titre professionnel de niveau baccalauréat (BP, BTN) "
"";"";"10";" Diplôme de 1er cycle universitaire, BTS, DUT, diplôme des professions sociales ou de la santé, d'infirmier(ère)"
"";"";"11";"Diplôme de 2e ou 3e cycle universitaire (y compris médecine,   pharmacie, dentaire), diplôme d'ingénieur, d'une grande école, doctorat, etc"
"";"";"88";"Ne sait pas"
"";"";"6666";"Non concerné"
"";"";"9999";"Refuse de répondre"
"";"";"9996";"Non enquêté"
"eayy_b1b";"Variable calculée à partir de B1 et B1A -- Exercice d'une activité professionnelle (recodage)";"1";" Est en activité"
"";"";"2";" N'est pas en activité"
"";"";"9999";"Refuse de répondre"
"";"";"9996";"Non enquêté"
"eayy_b1bcjt";"Variable calculée à partir de B1CJT et B1ACJT -- Exercice d'une activité professionnelle (conjoint) (calcul)";"1";" Est en activité"
"";"";"2";" N'est pas en activité"
"";"";"8";"Ne sait pas"
"";"";"6666";"Non concerné"
"";"";"9999";"Refuse de répondre"
"";"";"9996";"Non enquêté"
"eayy_b1cjt_rev";"Quelle est actuellement la situation principale de votre conjoint(e) vis-à-vis du travail ? (variable effective à partir de 2021) -- Situation principale vis-à-vis du travail (conjoint) (variable effective à partir de 2021)";"1";" Occupe un emploi"
"";"";"2";" Apprenti·e sous contrat ou stagiaire rémunéré"
"";"";"3";" Étudiant?e, élève, en formation ou stagiaire non rémunéré"
"";"";"4";" Chômeur (inscrit ou non au Pôle Emploi)"
"";"";"5";" Retraité?e ou retiré?e des affaires ou en préretraite"
"";"";"6";" Femme ou homme au foyer"
"";"";"7";" Inactif?ve pour cause d’invalidité"
"";"";"8";" Autre situation d’inactivité"
"";"";"6666";"Non concerné"
"";"";"9999";"Refuse de répondre"
"";"";"9996";"Non enquêté"
"eayy_b2_11a_rec";"Variable recodée à partir des réponses à la question B2_R et B2BIS -- Statut de l'activité actuelle ou antérieure (recodage)";"1";" À votre compte (y compris gérant de société ou chef d’entreprise salarié)"
"";"";"2";" Salarié de la fonction publique (d’État, territoriale, hospitalière)"
"";"";"3";" Salarié d’une entreprise nationalisée (où dans laquelle l'Etat détient la majorité du capital)"
"";"";"4";" Salarié d’une entreprise privée"
"";"";"5";" Salarié d’une association"
"";"";"6";" Salarié d'un particulier"
"";"";"7";" Salarié d'un autre type d'entreprise"
"";"";"8";" Non rémunéré, mais vous travaillez avec un membre de votre famille"
"";"";"6666";"Non concerné"
"";"";"9999";"Refuse de répondre"
"";"";"9996";"Non enquêté"
"eayy_b2_11acjt_rec";"Variable recodée à partir des réponses à la question B2_R_CJT et B2BIS_CJT -- Statut de l'activité actuelle ou antérieure du conjoint (recodage)";"1";" À votre compte (y compris gérant de société ou chef d’entreprise salarié)"
"";"";"2";" Salarié de la fonction publique (d’État, territoriale, hospitalière)"
"";"";"3";" Salarié d’une entreprise nationalisée (où dans laquelle l'Etat détient la majorité du capital)"
"";"";"4";" Salarié d’une entreprise privée"
"";"";"5";" Salarié d’une association"
"";"";"6";" Salarié d'un particulier"
"";"";"7";" Salarié d'un autre type d'entreprise"
"";"";"8";" Non rémunéré, mais vous travaillez avec un membre de votre famille"
"";"";"6666";"Non concerné"
"";"";"9999";"Refuse de répondre"
"";"";"9996";"Non enquêté"
"eayy_b25_rec";"Votre tâche principale est ou était-elle de superviser le travail d'autres salariés (hors apprentis et stagiaires) ? -- Supervision d'autres salariés actuelle ou antérieure (recodage)";"1";"Oui"
"";"";"2";"Non"
"";"";"6666";"Non concerné"
"";"";"9999";"Refuse de répondre"
"";"";"9996";"Non enquêté"
"eayy_b25cjt_rec";"La tâche principale de votre conjoint(e) est/était-elle de superviser le travail d'autres salariés (hors apprentis et stagiaires) ? -- Supervision d'autres salariés actuel ou antérieur du conjoint (recodage)";"1";"Oui"
"";"";"2";"Non"
"";"";"6666";"Non concerné"
"";"";"9999";"Refuse de répondre"
"";"";"9996";"Non enquêté"
"eayy_b5";"Quel est votre type de contrat de travail ou d’emploi ? -- Type de contrat de travail";"1";"En CDI ou fonctionnaire"
"";"";"2";"En CDD, intérim ou autre contrat"
"";"";"3";"En contrat d’alternance (apprentissage, contrat de professionnalisation) ou en stage"
"";"";"4";"Sans contrat de travail"
"";"";"6666";"Non concerné"
"";"";"9999";"Refuse de répondre"
"";"";"9996";"Non enquêté"
"eayy_b5a_rec";" -- Temps de travail actuel ou antérieur (recodage)";"1";"À temps complet"
"";"";"2";"À temps partiel"
"";"";"6666";"Non concerné"
"";"";"9999";"Refuse de répondre"
"";"";"9996";"Non enquêté"
"eayy_b5acjt";"Votre conjoint(e) occupe-t-il/elle cet emploi… -- ";"1";" À temps complet"
"";"";"2";" À temps partiel"
"";"";"6666";"Non concerné"
"";"";"9999";"Refuse de répondre"
"";"";"9996";"Non enquêté"
"eayy_b5d_rec";"Depuis quelle année occupez-vous cet emploi ? -- Ancienneté dans l'emploi (recodage)";"1";"Un an ou moins"
"";"";"2";"Entre 2 et 5 ans"
"";"";"3";"Entre 6 et 10 ans"
"";"";"4";"Entre 11 et 20 ans"
"";"";"5";"Plus de 20 ans"
"";"";"6666";"Non concerné"
"";"";"9999";"Refuse de répondre"
"";"";"9996";"Non enquêté"
"eayy_b6a_12a_rec";"Variable recodée à partir des réponses à la question B5C_CJT et B5C_P_CJT -- Catégorie de l'emploi actuel ou antérieur secteur privé (recodage)";"1";"Manœuvre ou ouvrier·e spécialisé·e"
"";"";"2";"Ouvrier·e qualifié·e ou hautement qualifié·e, technicien·ne d'atelier"
"";"";"3";"Employé·e de bureau, employé·e de commerce, personnel de services"
"";"";"4";"Agent de maîtrise, maîtrise administrative ou commerciale, VRP (non cadre)"
"";"";"5";"Technicien·ne"
"";"";"6";"Ingénieur, cadre (à l'exception des directeurs généraux ou de ses adjoints directs)"
"";"";"10";" Dans une autre situation"
"";"";"6666";"Non concerné"
"";"";"9999";"Refuse de répondre"
"";"";"9996";"Non enquêté"
"eayy_b6b_12b_rec";"Variable recodée à partir des réponses à la question B6B et B12B  -- Catégorie de l'emploi actuel ou antérieur secteur public (recodage)";"1";" Manœuvre ou ouvrier·e spécialisé·e"
"";"";"2";" Ouvrier·e qualifié·e ou hautement qualifié·e, technicien·ne d'atelier"
"";"";"5";" Technicien·ne"
"";"";"7";" Personnel de catégorie C ou assimilé"
"";"";"8";" Personnel de catégorie B ou assimilé"
"";"";"9";" Personnel de catégorie A ou assimilé"
"";"";"10";" Dans une autre situation"
"";"";"6666";"Non concerné"
"";"";"9999";"Refuse de répondre"
"";"";"9996";"Non enquêté"
"eayy_b7b_rec";"Variable recodée à partir des réponses à la question B7B et B15 -- Fonction principale de l'emploi actuel ou antérieur (recodage)";"1";" Production, chantier, exploitation"
"";"";"2";" Installation, réparation, maintenance"
"";"";"3";" Gardiennage, nettoyage, entretien ménager"
"";"";"4";" Manutention, magasinage, logistique"
"";"";"5";" Secrétariat, saisie, accueil"
"";"";"6";" Gestion, comptabilité"
"";"";"7";" Commercial, technico-commercial"
"";"";"8";" Études, recherche et développement, méthodes"
"";"";"9";" Enseignement"
"";"";"10";"Soin des personnes"
"";"";"11";"Autre fonction "
"";"";"6666";"Non concerné"
"";"";"9999";"Refuse de répondre"
"";"";"9996";"Non enquêté"
"eayy_b8_rec";"Combien y a-t-il de salariés dans l'entreprise où vous travaillez/travailliez (c'est-à-dire dans l'ensemble des établissements de cette entreprise en France, si elle en compte plusieurs) ? -- Nombre de salariés dans l'entreprise de l'emploi actuel ou antérieur (recodage)";"1";" Moins de 10"
"";"";"2";" 10 à 49"
"";"";"3";" 50 à 499"
"";"";"4";" 500 et plus"
"";"";"8";"Ne sait pas"
"";"";"6666";"Non concerné"
"";"";"9999";"Refuse de répondre"
"";"";"9996";"Non enquêté"
"eayy_b8cjt_rec";"Combien y a-t-il de salariés dans l'entreprise où votre conjoint(e) travaill/travaillait (c'est-à-dire dans l'ensemble des établissements de cette entreprise en France, si elle en compte plusieurs) ? -- Nombre de salariés dans l'entreprise de l'emploi actuel ou antérieur du conjoint (recodage)";"1";" Moins de 10"
"";"";"2";" 10 à 49"
"";"";"3";" 50 à 499"
"";"";"4";" 500 et plus"
"";"";"8";"Ne sait pas"
"";"";"6666";"Non concerné"
"";"";"9999";"Refuse de répondre"
"";"";"9996";"Non enquêté"
"eayy_c1_rec";"Variable recodée à partir des réponses à la question C1 -- Nombre de personnes dans le foyer (recodage)";"1";" 1 habitant"
"";"";"2";" 2 habitants"
"";"";"3";" 3 habitants"
"";"";"4";" 4 habitants"
"";"";"5";" 5 habitants"
"";"";"6";" 6 habitants et plus"
"";"";"9996";"Non enquêté"
"eayy_c1jeu";"Variable recodée à partir des questions C3_2, C3_3 et C3_4 -- Nombre de jeunes (calcul)";"1";" 0 jeune"
"";"";"2";" 1 jeune"
"";"";"3";" 2 jeunes"
"";"";"4";" 3 jeunes ou plus"
"";"";"9996";"Non enquêté"
"eayy_c8";"Au cours de votre vie, avez-vous eu ou adopté des enfants ? -- A des enfants";"1";"Oui"
"";"";"2";"Non"
"";"";"9999";"Refuse de répondre"
"";"";"9996";"Non enquêté"
"eayy_c8a_rec";"Combien ? -- Nombre d'enfants (recodage)";"1";"1 enfant"
"";"";"2";"2 enfants"
"";"";"3";"3 enfants ou plus"
"";"";"6666";"Non concerné"
"";"";"9999";"Refuse de répondre"
"";"";"9996";"Non enquêté"
"eayy_c8b_rec";"Parmi eux, combien vivent dans ce logement ? (même une partie du temps seulement) -- Nombre d'enfants cohabitants (recodage)";"1";"0 enfant"
"";"";"2";"1 enfant"
"";"";"3";"2 enfants"
"";"";"4";"3 enfants ou plus"
"";"";"6666";"Non concerné"
"";"";"9999";"Refuse de répondre"
"";"";"9996";"Non enquêté"
"eayy_d1";"Actuellement, occupez-vous votre logement principal comme… ? -- Statut d'occupation du logement";"1";" Propriétaire (ou copropriétaire) : vous ne payez pas de crédit immobilier pour ce logement"
"";"";"2";" Accédant à la propriété : vous payez toujours un crédit immobilier pour ce logement"
"";"";"3";" Locataire ou sous-locataire"
"";"";"4";" Occupant à titre gratuit (avec éventuel paiement des charges)"
"";"";"5";" Autre"
"";"";"9999";"Refuse de répondre"
"";"";"9996";"Non enquêté"
"eayy_d2_rev";"Qui est le propriétaire de votre logement principal ? (variable effective à partir de 2021) -- Propriétaire du logement (variable effective à partir de 2021)";"1";" Un membre de la famille"
"";"";"2";" Un autre particulier"
"";"";"3";" L’employeur d’un membre du ménage dans le cadre d’un logement de fonction"
"";"";"4";" Un organisme HLM ou assimilé (offices publics de l’habitat - OPH, entreprises sociales pour l’habitat - ESH, société anonyme)"
"";"";"5";" Une administration, collectivité, un organisme de Sécurité Sociale ou une association au titre de l’action logement (ancien 1 % patronal)"
"";"";"6";" Une banque, une assurance ou une autre société du secteur public ou du secteur privé"
"";"";"7";" Autre"
"";"";"6666";"Non concerné"
"";"";"9999";"Refuse de répondre"
"";"";"9996";"Non enquêté"
"eayy_d3";"Vous habitez dans… -- Type d'habitation";"1";" Une maison individuelle"
"";"";"2";" Un appartement"
"";"";"3";" Autre (précisez)"
"";"";"9999";"Refuse de répondre"
"";"";"9996";"Non enquêté"
"eayy_d5a";"Depuis combien de temps vivez-vous dans ce logement ?  -- Année d'emménagement dans le logement (calcul)";"1";" Mons de 2 ans"
"";"";"2";" Entre 2 et 5 ans"
"";"";"3";" Entre 6 et 10 ans"
"";"";"4";" Entre 11 et 15 ans"
"";"";"5";" Il y a plus de 15 ans"
"";"";"8";"Ne sait pas"
"";"";"9999";"Refuse de répondre"
"";"";"9996";"Non enquêté"
"eayy_d6";"Quel est le type d'habitat au voisinage de votre logement ? -- Type d'habitat au voisinage du logement";"1";" Maisons dispersées, hors agglomération"
"";"";"2";" Maisons en lotissement, en quartier pavillonnaire ou en ville"
"";"";"3";" Immeubles en ville (autre que cité ou grand ensemble)"
"";"";"4";" Immeubles en cité ou grand ensemble"
"";"";"5";" Habitat mixte : à la fois immeubles et maisons"
"";"";"9999";"Refuse de répondre"
"";"";"9996";"Non enquêté"
"eayy_d7_rev_som";"Variable recodée à partir de D7_REV_1 à D7_REV_10 : somme des réponses ""1"" à la question D7_REV -- Problèmes concernant le quartier : variable de comptage";"0";"Aucune situation déclarée "
"";"";"9999";"Refuse de répondre"
"";"";"9996";"Non enquêté"
"eayy_e1a";"Y a-t-il actuellement dans votre ménage (y compris vous-même), une ou plusieurs personnes qui perçoi(ven)t les ressources suivantes ? Salaires, traitements et primes -- Personnes dans le ménage percevant : salaires, traitements et primes";"1";" Oui"
"";"";"2";" Non"
"";"";"3";" Je ne sais pas"
"";"";"9999";"Refuse de répondre"
"";"";"9996";"Non enquêté"
"eayy_e1b";"Y a-t-il actuellement dans votre ménage (y compris vous-même), une ou plusieurs personnes qui perçoi(ven)t les ressources suivantes ? Revenus d'une activité professionnelle non salariée (indépendant, profession libérale...) -- Personnes dans le ménage percevant : revenus d'une activité professionnelle non salariée";"1";" Oui"
"";"";"2";" Non"
"";"";"3";" Je ne sais pas"
"";"";"9999";"Refuse de répondre"
"";"";"9996";"Non enquêté"
"eayy_e1c";"Y a-t-il actuellement dans votre ménage (y compris vous-même), une ou plusieurs personnes qui perçoi(ven)t les ressources suivantes ? Allocations de chômage -- Personnes dans le ménage percevant : allocations de chômage";"1";" Oui"
"";"";"2";" Non"
"";"";"3";" Je ne sais pas"
"";"";"9999";"Refuse de répondre"
"";"";"9996";"Non enquêté"
"eayy_e1d";"Actuellement, percevez-vous personnellement les ressources suivantes ? Préretraites, retraites -- Personnes dans le ménage percevant : préretraites, retraites";"1";" Oui"
"";"";"2";" Non"
"";"";"3";" Je ne sais pas"
"";"";"9999";"Refuse de répondre"
"";"";"9996";"Non enquêté"
"eayy_e1e";"Y a-t-il actuellement dans votre ménage (y compris vous-même), une ou plusieurs personnes qui perçoi(ven)t les ressources suivantes ? Prestations liées à la maladie ou l'invalidité -- Personnes dans le ménage percevant : prestations liées à la maladie ou l'invalidité";"1";" Oui"
"";"";"2";" Non"
"";"";"3";" Je ne sais pas"
"";"";"9999";"Refuse de répondre"
"";"";"9996";"Non enquêté"
"eayy_e1f1";"Y a-t-il actuellement dans votre ménage (y compris vous-même), une ou plusieurs personnes qui perçoi(ven)t les ressources suivantes ? Prestations familiales -- Personnes dans le ménage percevant : prestations familiales";"1";" Oui"
"";"";"2";" Non"
"";"";"3";" Je ne sais pas"
"";"";"9999";"Refuse de répondre"
"";"";"9996";"Non enquêté"
"eayy_e1f2";"Y a-t-il actuellement dans votre ménage (y compris vous-même), une ou plusieurs personnes qui perçoi(ven)t les ressources suivantes ? Bourses -- Personnes dans le ménage percevant : bourses";"1";" Oui"
"";"";"2";" Non"
"";"";"3";" Je ne sais pas"
"";"";"9999";"Refuse de répondre"
"";"";"9996";"Non enquêté"
"eayy_e1g";"Y a-t-il actuellement dans votre ménage (y compris vous-même), une ou plusieurs personnes qui perçoi(ven)t les ressources suivantes ? Allocations logement, aide au logement -- Personnes dans le ménage percevant : allocation logement, aide au logement";"1";" Oui"
"";"";"2";" Non"
"";"";"3";" Je ne sais pas"
"";"";"9999";"Refuse de répondre"
"";"";"9996";"Non enquêté"
"eayy_e1h";"Y a-t-il actuellement dans votre ménage (y compris vous-même), une ou plusieurs personnes qui perçoi(ven)t les ressources suivantes ? RSA -- Personnes dans le ménage percevant : RSA";"1";" Oui"
"";"";"2";" Non"
"";"";"3";" Je ne sais pas"
"";"";"9999";"Refuse de répondre"
"";"";"9996";"Non enquêté"
"eayy_e1i";"Y a-t-il actuellement dans votre ménage (y compris vous-même), une ou plusieurs personnes qui perçoi(ven)t les ressources suivantes ? Loyers et fermages -- Personnes dans le ménage percevant : loyers et fermages";"1";" Oui"
"";"";"2";" Non"
"";"";"3";" Je ne sais pas"
"";"";"9999";"Refuse de répondre"
"";"";"9996";"Non enquêté"
"eayy_e1j";"Y a-t-il actuellement dans votre ménage (y compris vous-même), une ou plusieurs personnes qui perçoi(ven)t les ressources suivantes ? Pensions alimentaires, aides financières régulières des parents, de la famille ou des amis -- Personnes dans le ménage percevant : pensions, aides";"1";" Oui"
"";"";"2";" Non"
"";"";"3";" Je ne sais pas"
"";"";"9999";"Refuse de répondre"
"";"";"9996";"Non enquêté"
"eayy_e2a_rec2";"Tranche de montant des ressources (calcul) -- Tranche de montant des ressources (calcul)";"3";" (Moins de 800€)"
"";"";"4";" De 800 à mois de 1000€"
"";"";"5";" De 1000 à moins de 1200€"
"";"";"6";" De 1200 à moins de 1500€"
"";"";"7";" De 1500 à moins de 1800€"
"";"";"8";" De 1800 à moins de 2000€"
"";"";"9";" De 2000 à moins de 2500€"
"";"";"10";" De 2500 à moins de 3000€"
"";"";"11";" De 3000 à moins de 4000€"
"";"";"12";" De 40000 à moins de 6000€"
"";"";"13";"(6000€ et plus)"
"";"";"88";"Ne sait pas"
"";"";"9999";"Refuse de répondre"
"";"";"9996";"Non enquêté"
"eayy_e2auc2";"Tranche de revenu mensuel du ménage par unité de consommation (calcul) -- Tranche de revenu mensuel du ménage par unité de consommation (calcul)";"1";" Moins de 650€"
"";"";"2";" De 650 à moins de 950€"
"";"";"3";" De 950 à moins de 1200€"
"";"";"4";" De 1200 à moins de 1400€"
"";"";"5";" De 1400 à moins de 1650€"
"";"";"6";" De 1650 à moins de 1900€"
"";"";"7";" De 1900 à moins de 2200€"
"";"";"8";" De 2200 à moins de 2500€"
"";"";"9";" De 2500 à  moins de 3200€"
"";"";"10";" 3200€ et plus"
"";"";"9999";"Refuse de répondre"
"";"";"9996";"Non enquêté"
"eayy_e2auc_source2";"Source d'information du montant des ressources par unité de consommation -- Source d'information du montant des ressources par unité de consommation";"1";" À partir du montant du montant déclaré des ressources"
"";"";"2";" À partir de la tranche des ressources"
"";"";"3";" Non calculée"
"";"";"9996";"Non enquêté"
"eayy_e3_som";"Variable recodée à partir de E3A, E3B, E3C, E3D et E3E : somme des réponses ""1"" à la question E3 -- Détention placements financiers : comptage";"0";"N’a pas déclaré de placements ou non réponse"
"";"";"9996";"Non enquêté"
"eayy_e4";"En plus de votre logement principal, disposez-vous d'une résidence secondaire ? -- Résidence secondaire";"1";" Oui"
"";"";"2";" Non"
"";"";"9999";"Refuse de répondre"
"";"";"9996";"Non enquêté"
"eayy_e5";"Actuellement, pour le ménage, diriez-vous plutôt que financièrement : -- ";"1";" Vous ne pouvez pas y arriver sans faire de dettes"
"";"";"2";" Vous y arrivez difficilement"
"";"";"3";" C'est juste, il faut faire attention"
"";"";"4";" Ça va"
"";"";"5";" Vous êtes plutôt à l'aise"
"";"";"6";" Vous êtes vraiment à l'aise"
"";"";"8";"Ne sait pas"
"";"";"9999";"Refuse de répondre"
"";"";"9996";"Non enquêté"
"eayy_e6";"En dehors de votre emprunt lié à votre résidence principale, avez-vous, vous-même ou quelqu’un de votre ménage, des emprunts ou des crédits actuellement en cours ? -- Emprunt ou crédit en cours";"1";" Oui, et vous effectuez actuellement des remboursements"
"";"";"2";" Oui, mais vous n’effectuez pas actuellement de remboursements (pas encore commencés ou suspendus)"
"";"";"3";" Non"
"";"";"9999";"Refuse de répondre"
"";"";"9996";"Non enquêté"
"eayy_f1_rev";"Tout bien considéré, dans quelle mesure diriez-vous que vous êtes heureux·se ? -- Niveau de bonheur";"0";" 0 Extrêmement malheureux·se"
"";"";"1";"1"
"";"";"2";"2"
"";"";"3";"3"
"";"";"4";"4"
"";"";"5";"5"
"";"";"6";"6"
"";"";"7";"7"
"";"";"8";"8"
"";"";"9";"9"
"";"";"10";" 10 Extrêmement heureux·se"
"";"";"9999";"Refuse de répondre"
"";"";"9996";"Non enquêté"
"eayy_f1a1";"Vous arrive-t-il, en dehors du travail, de fréquenter des amis ? -- Fréquence de rencontre des amis";"1";" Jamais"
"";"";"2";" Moins d’une fois par mois"
"";"";"3";" Une fois par mois"
"";"";"4";" Plusieurs fois par mois"
"";"";"5";" Une fois par semaine"
"";"";"6";" Plusieurs fois par semaine"
"";"";"7";" Tous les jours"
"";"";"9999";"Refuse de répondre"
"";"";"9996";"Non enquêté"
"eayy_f3_rev";"Y a-t-il quelqu'un avec qui vous pouvez parler de choses intimes et personnelles ? (variable effective à partir de 2021) -- A quelqu'un pour discuter de questions intimes et personnelles (variable effective à partir de 2021)";"1";" Il n’y en a pas"
"";"";"2";" 1 personne"
"";"";"3";" 2 personnes"
"";"";"4";" 3 personnes"
"";"";"5";" Entre 4 et 6 personnes"
"";"";"6";" Entre 7 et 9 personnes"
"";"";"7";" 10 personnes ou plus"
"";"";"9999";"Refuse de répondre"
"";"";"9996";"Non enquêté"
"eayy_f4";"D'une façon générale, vous diriez que vous vous sentez… ? -- Sentiment de solitude";"1";" Très seul·e"
"";"";"2";" Plutôt seul·e"
"";"";"3";" Plutôt entouré·e"
"";"";"4";" Très entouré·e"
"";"";"8";"Ne sait pas"
"";"";"9999";"Refuse de répondre"
"";"";"9996";"Non enquêté"
"eayy_f6a";"Vous arrive-t-il, en dehors du travail, de fréquenter des membres de votre famille (ou celle de votre conjoint(e)) ? -- Fréquence de rencontre de la famille";"1";" Jamais"
"";"";"2";" Moins d’une fois par mois"
"";"";"3";" Une fois par mois"
"";"";"4";" Plusieurs fois par mois"
"";"";"5";" Une fois par semaine"
"";"";"6";" Plusieurs fois par semaine"
"";"";"7";" Tous les jours"
"";"";"9999";"Refuse de répondre"
"";"";"9996";"Non enquêté"
"eayy_f7_som";"Variable recodée à partir de F7_1 à F7_14 : somme des réponses ""1"" à la question F7 -- Membre association : comptage";"0";"Aucune association déclarée "
"";"";"9999";"Refuse de répondre"
"";"";"9996";"Non enquêté"
"eayy_f7ter";"Êtes-vous ou avez-vous été syndiqué·e ? -- Être ou avoir été syndiqué";"1";"Oui, je le suis en ce moment"
"";"";"2";"Oui, mais je ne le suis plus en ce moment"
"";"";"3";"Non, et je ne l’ai jamais été"
"";"";"9999";"Refuse de répondre"
"";"";"9996";"Non enquêté"
"eayy_f9";"D'une manière générale, sur une échelle de 0 à 10, diriez-vous que l'on peut faire confiance à la plupart des gens ou que l'on n'est jamais assez prudent quand on a affaire aux autres ? 0 signifie que l'on n'est jamais assez prudent, 10 signifie que l'on peut faire confiance aux gens. -- Confiance accordée en autrui";"0";" 0 - On n'est jamais assez prudent"
"";"";"1";"1"
"";"";"2";"2"
"";"";"3";"3"
"";"";"4";"4"
"";"";"5";"5"
"";"";"6";"6"
"";"";"7";"7"
"";"";"8";"8"
"";"";"9";"9"
"";"";"10";" 10 - On peut faire confiance aux gens"
"";"";"9999";"Refuse de répondre"
"";"";"9996";"Non enquêté"
"eayy_g1_1";"Au cours des 12 derniers mois, en moyenne, avez-vous regardé la télévision ou des émissions de télévision, que ce soit en direct ou en différé/rattrapage, sur un téléviseur ou un autre support…  : Sur un téléviseur -- ";"1";" Moins de 2 heures par jour"
"";"";"2";" De 2 à 4 heures par jour"
"";"";"3";" Plus de 4 heures par jour"
"";"";"4";" Je ne regarde pas la télévision"
"";"";"9999";"Refuse de répondre"
"";"";"9996";"Non enquêté"
"eayy_g1_2";"Au cours des 12 derniers mois, en moyenne, avez-vous regardé la télévision ou des émissions de télévision, que ce soit en direct ou en différé/rattrapage, sur un téléviseur ou un autre support…  : Sur un autre support (un ordinateur, un téléphone, une tablette, etc.) -- ";"1";" Moins de 2 heures par jour"
"";"";"2";" De 2 à 4 heures par jour"
"";"";"3";" Plus de 4 heures par jour"
"";"";"4";" Je ne regarde pas la télévision"
"";"";"9999";"Refuse de répondre"
"";"";"9996";"Non enquêté"
"eayy_g3a";"Au cours des douze derniers mois, vous est-il arrivé… : D'aller au cinéma -- Sortie culturelle les 12 derniers mois : au cinéma";"1";" Jamais"
"";"";"2";" 1 à 3 fois"
"";"";"3";" 4 à 6 fois"
"";"";"4";" 7 à 12 fois"
"";"";"5";" Plus de 12 fois"
"";"";"9999";"Refuse de répondre"
"";"";"9996";"Non enquêté"
"eayy_g3b";"Au cours des douze derniers mois, vous est-il arrivé… : D'aller au théâtre ou au concert ou à un autre spectacle (spectacle de danse, cirque, etc.) -- Sortie culturelle les 12 derniers mois : au théâtre ou au concert";"1";" Jamais"
"";"";"2";" 1 à 3 fois"
"";"";"3";" 4 à 6 fois"
"";"";"4";" 7 à 12 fois"
"";"";"5";" Plus de 12 fois"
"";"";"9999";"Refuse de répondre"
"";"";"9996";"Non enquêté"
"eayy_g3c";"Au cours des douze derniers mois, vous est-il arrivé… : De visiter un musée ou une exposition -- Sortie culturelle les 12 derniers mois : au musée ou une exposition";"1";" Jamais"
"";"";"2";" 1 à 3 fois"
"";"";"3";" 4 à 6 fois"
"";"";"4";" 7 à 12 fois"
"";"";"5";" Plus de 12 fois"
"";"";"9999";"Refuse de répondre"
"";"";"9996";"Non enquêté"
"eayy_g3d";"Au cours des douze derniers mois, vous est-il arrivé… : D'aller voir un match ou autre spectacle sportif payant -- Sortie culturelle les 12 derniers mois : à un match ou spectacle sportif";"1";" Jamais"
"";"";"2";" 1 à 3 fois"
"";"";"3";" 4 à 6 fois"
"";"";"4";" 7 à 12 fois"
"";"";"5";" Plus de 12 fois"
"";"";"9999";"Refuse de répondre"
"";"";"9996";"Non enquêté"
"eayy_g5";"Hormis le français, y a-t-il une langue que vous maîtrisez au point de penser dans celle-ci (ou d'en faire couramment usage avec vos proches) ? -- Maîtrise d'une langue étrangère";"1";" Oui"
"";"";"2";" Non"
"";"";"9999";"Refuse de répondre"
"";"";"9996";"Non enquêté"
"eayy_g6_1";"Au cours des douze derniers mois, êtes-vous parti(e) en vacances (au moins deux nuits) ? Non -- Partir en vacances les 12 derniers mois : non";"1";" Choisi"
"";"";"2";" Non choisi"
"";"";"8";"Ne sait pas"
"";"";"9999";"Refuse de répondre"
"";"";"9996";"Non enquêté"
"eayy_g6_2";"Au cours des douze derniers mois, êtes-vous parti(e) en vacances (au moins deux nuits) ? Oui, dans votre région -- Partir en vacances les 12 derniers mois : dans la région";"1";" Choisi"
"";"";"2";" Non choisi"
"";"";"8";"Ne sait pas"
"";"";"9999";"Refuse de répondre"
"";"";"9996";"Non enquêté"
"eayy_g6_3";"Au cours des douze derniers mois, êtes-vous parti(e) en vacances· (au moins deux nuits) ? Oui, dans une autre région -- Partir en vacances les 12 derniers mois : dans une autre région";"1";" Choisi"
"";"";"2";" Non choisi"
"";"";"8";"Ne sait pas"
"";"";"9999";"Refuse de répondre"
"";"";"9996";"Non enquêté"
"eayy_g6_4";"Au cours des douze derniers mois, êtes-vous parti(e) en vacances· (au moins deux nuits) ? Oui, à l'étranger -- Partir en vacances les 12 derniers mois : à l'étranger";"1";" Choisi"
"";"";"2";" Non choisi"
"";"";"8";"Ne sait pas"
"";"";"9999";"Refuse de répondre"
"";"";"9996";"Non enquêté"
"eayy_g7";"Pendant les deux dernières semaines, combien d’heures par jour, en moyenne, avez-vous consacrées aux tâches ménagères au sein de votre foyer ? -- Temps consacré aux tâches ménagères";"1";"Je n'ai pas fait cette activité"
"";"";"2";"Moins d'une heure"
"";"";"3";"Entre 1 et 2 heures"
"";"";"4";"Entre 2 et 4 heures"
"";"";"5";"Plus de 4 heures"
"";"";"9999";"Refuse de répondre"
"";"";"9996";"Non enquêté"
"eayy_g8a";"Habituellement, qui se charge des tâches ménagères au sein de votre foyer : - Vous-même -- Personne en charge des tâches ménagères : ego";"1";"Toujours"
"";"";"2";"Souvent "
"";"";"3";"Parfois"
"";"";"4";"Jamais"
"";"";"9999";"Refuse de répondre"
"";"";"9996";"Non enquêté"
"eayy_g8b";"Habituellement, qui se charge des tâches ménagères au sein de votre foyer : - Votre conjoint -- Personne en charge des tâches ménagères : conjoint";"1";"Toujours"
"";"";"2";"Souvent "
"";"";"3";"Parfois"
"";"";"4";"Jamais"
"";"";"6666";"Non concerné"
"";"";"9999";"Refuse de répondre"
"";"";"9996";"Non enquêté"
"eayy_g8c";"Habituellement, qui se charge des tâches ménagères au sein de votre foyer : - Une autre personne -- Personne en charge des tâches ménagères : autre";"1";"Toujours"
"";"";"2";"Souvent "
"";"";"3";"Parfois"
"";"";"4";"Jamais"
"";"";"9999";"Refuse de répondre"
"";"";"9996";"Non enquêté"
"eayy_h_c11";"Considérez-vous que vous appartenez à une religion ou à une confession religieuse ? -- ";"1";" Oui"
"";"";"2";" Non"
"";"";"9999";"Refuse de répondre"
"";"";"9996";"Non enquêté"
"eayy_h_teo1";"Quelle importance accordez-vous aujourd'hui à la religion dans votre vie ? -- Importance donnée à la regilion";"1";"Pas du tout d'importance"
"";"";"2";"Un peu d'importance"
"";"";"3";"Assez d'importance"
"";"";"4";"Beaucoup d'importance"
"";"";"9999";"Refuse de répondre"
"";"";"9996";"Non enquêté"
"eayy_h5_rev";"En dehors des services religieux, vous arrive-t-il de prier ? Cela vous arrive… -- Fréquence de la prière";"1";"Chaque jour"
"";"";"2";"Plusieurs fois par semaine"
"";"";"3";"Une fois par semaine"
"";"";"4";"Au moins une fois par mois"
"";"";"5";"Seulement à l’occasion des fêtes religieuses"
"";"";"6";"Moins souvent"
"";"";"7";"Jamais"
"";"";"9999";"Refuse de répondre"
"";"";"9996";"Non enquêté"
"eayy_i1";"Est-ce que vous vous intéressez à la politique ? -- Intérêt pour la politique";"1";" Beaucoup"
"";"";"2";" Assez"
"";"";"3";" Peu"
"";"";"4";" Pas du tout"
"";"";"8";"Ne sait pas"
"";"";"9999";"Refuse de répondre"
"";"";"9996";"Non enquêté"
"eayy_i2";"Diriez-vous qu'en France la démocratie fonctionne… ? -- ";"1";" Très bien"
"";"";"2";" Assez bien"
"";"";"3";" Pas très bien"
"";"";"4";" Pas bien du tout"
"";"";"8";"Ne sait pas"
"";"";"9999";"Refuse de répondre"
"";"";"9996";"Non enquêté"
"eayy_i8";"On classe habituellement les Français sur une échelle qui va de la gauche à la droite. Vous personnellement où vous classeriez-vous sur cette échelle ? -- Auto-positionnement sur l'échelle gauche/droite";"0";" 0 - Gauche"
"";"";"1";"1"
"";"";"2";"2"
"";"";"3";"3"
"";"";"4";"4"
"";"";"5";"5"
"";"";"6";"6"
"";"";"7";"7"
"";"";"8";"8"
"";"";"9";"9"
"";"";"10";" 10 - Droite"
"";"";"88";"Ne sait pas"
"";"";"9999";"Refuse de répondre"
"";"";"9996";"Non enquêté"
"eayy_i11_rev_22";"Avez-vous voté lors du premier tour de l’élection présidentielle en 2022 ? -- A voté au premier tour de l'élection présidentielle de 2022";"1";" Oui"
"";"";"2";" Non"
"";"";"3";"Vous n’étiez pas majeur ou n'aviez pas la nationalité française au moment de l'élection"
"";"";"4";" Vous n’étiez pas inscrit(e) sur les listes électorales"
"";"";"8";" Je ne sais plus"
"";"";"9999";"Refuse de répondre"
"";"";"9996";"Non enquêté"
"eayy_i11a_22";"Pour quel candidat avez-vous voté lors du premier tour de l’élection présidentielle en 2022 ? -- Candidat choisi au 1er tour des élections 2022";"1";"Nathalie Arthaud, Lutte Ouvrière (LO)"
"";"";"2";"Nicolas Dupont-Aignan, Debout la République (DLR)"
"";"";"3";"Anne Hidalgo, Parti socialiste (PS)"
"";"";"4";"Yannick Jadot, Europe Écologie Les Verts (EÉLV)"
"";"";"5";"Jean Lassalle, Résistons"
"";"";"6";"Marine Le Pen, Rassemblement national (RN)"
"";"";"7";"Emmanuel Macron, La République en marche (LREM)"
"";"";"8";"Jean-Luc Mélenchon, La France insoumise (LFI)"
"";"";"9";"Valérie Pécresse, Les Républicains (LR)"
"";"";"10";"Philippe Poutou, Nouveau parti anticapitaliste (NPA)"
"";"";"11";"Fabien Roussel, Parti communiste français (PCF)"
"";"";"12";"Éric Zemmour, Renconquête"
"";"";"13";"Vous avez voté blanc"
"";"";"14";" Vous avez voté nul"
"";"";"6666";"Non concerné"
"";"";"9999";"Refuse de répondre"
"";"";"9996";"Non enquêté"
"eayy_i12_rev_22";"Avez-vous voté lors du second tour de l’élection présidentielle en 2022 ? -- A voté au second tour de l'élection présidentielle de 2022";"1";" Oui"
"";"";"2";" Non"
"";"";"3";"Vous n’étiez pas majeur ou n'aviez pas la nationalité française au moment de l'élection"
"";"";"4";" Vous n’étiez pas inscrit(e) sur les listes électorales"
"";"";"8";" Je ne sais plus"
"";"";"9999";"Refuse de répondre"
"";"";"9996";"Non enquêté"
"eayy_i12a_22";"Pour quel candidat avez-vous voté lors du second tour de l’élection présidentielle en 2022 ? -- Candidat choisi au 2nd tour des élections 2022";"1";"Marine Le Pen, Rassemblement national (RN)"
"";"";"2";"Emmanuel Macron, La République en marche (LREM)"
"";"";"3";"Vous avez voté blanc"
"";"";"4";" Vous avez voté nul"
"";"";"6666";"Non concerné"
"";"";"9999";"Refuse de répondre"
"";"";"9996";"Non enquêté"
"eayy_j1";"Diriez-vous que, dans l'ensemble, votre santé est : -- ";"1";" Très bonne"
"";"";"2";" Bonne"
"";"";"3";" Assez bonne"
"";"";"4";" Mauvaise"
"";"";"5";" Très mauvaise"
"";"";"8";"Ne sait pas"
"";"";"9999";"Refuse de répondre"
"";"";"9996";"Non enquêté"
"eayy_k1_rec";"Taille de l'interviewé (recodage) -- Quelle est votre taille en cm ?";"1";"Moins de 155 cm"
"";"";"2";"Entre 155 et 159 cm"
"";"";"3";"Entre 160 et 164 cm"
"";"";"4";"Entre 160 et 164 cm"
"";"";"5";"Entre 170 et 174 cm"
"";"";"6";"Entre 175 et 179 cm"
"";"";"7";"Entre 180 et 184 cm"
"";"";"8";"185 cm et plus"
"";"";"9999";"Refuse de répondre"
"";"";"9996";"Non enquêté"
"eayy_k2_rec";"Poids de l'interviewé (recodage) -- Quel est votre poids ?";"1";"Moins de 55 kg"
"";"";"2";"Entre 55 et 59 kg"
"";"";"3";"Entre 60 et 64 kg"
"";"";"4";"Entre 65 et 69 kg"
"";"";"5";"Entre 70 et 74 kg"
"";"";"6";"Entre 75 et 79 kg"
"";"";"7";"Entre 80 et 84 kg"
"";"";"8";"Entre 85 et et 94 kg"
"";"";"9";"95 kg et plus"
"";"";"9999";"Refuse de répondre"
"";"";"9996";"Non enquêté"
"eayy_k3";"À quelle fréquence pratiquez-vous une activité physique pendant au moins 30 minutes d'affilée, que ce soit dans le cadre de votre travail, de vos déplacements ou de vos loisirs ? -- Fréquence activité sportive 3 minutes d'affilée";"1";" Tous les jours ou presque"
"";"";"2";" Plusieurs fois par semaine"
"";"";"3";" Une fois par semaine"
"";"";"4";" Une à trois fois par mois"
"";"";"5";" Moins souvent"
"";"";"9999";"Refuse de répondre"
"";"";"9996";"Non enquêté"
"eayy_pcs29_2020";"Catégorie socioprofessionnelle en 29 postes (profession actuelle ou dernière profession) – PCS2020 -- Catégorie socioprofessionnelle en 29 postes (profession actuelle ou dernière profession) – PCS2020";"10";"Agriculteurs"
"";"";"21";"Artisans"
"";"";"22";"Commerçants et assimilés"
"";"";"23";"Chefs d’entreprise de plus de 10 personnes"
"";"";"31";"Professions libérales"
"";"";"33";"Cadres de la fonction publique"
"";"";"34";"Professeurs et professions scientifiques"
"";"";"35";"Professions de l’information, de l’art et des spectacles"
"";"";"37";"Cadres administratifs et commerciaux"
"";"";"38";"Cadres techniques d’entreprise"
"";"";"42";"Professions de l’enseignement primaire et professionnel"
"";"";"43";"Intermédiaires de la santé et du travail social"
"";"";"44";"Religieux"
"";"";"45";"Intermédiaires de la fonction publique"
"";"";"46";"Intermédiaires des entreprises"
"";"";"47";"Techniciens"
"";"";"48";"Agents de maîtrise de production"
"";"";"52";"Employés de la fonction publique"
"";"";"53";"Policiers, militaires et agents de sécurité privée"
"";"";"54";"Employés administratifs d’entreprise"
"";"";"55";"Employés de commerce"
"";"";"56";"Personnels des services aux particuliers"
"";"";"62";"Ouvriers qualifiés de type industriel"
"";"";"63";"Ouvriers qualifiés de type artisanal"
"";"";"64";"Conducteurs du transport"
"";"";"65";"Conducteurs d’engins et magasiniers"
"";"";"67";"Ouvriers peu qualifiés de type industriel"
"";"";"68";"Ouvriers peu qualifiés de type artisanal"
"";"";"69";"Ouvriers agricoles"
"";"";"6666";"Non concerné"
"";"";"9999";"Refuse de répondre"
"";"";"9996";"Non enquêté"
"eayy_pcs18_2020";"Catégorie socioprofessionnelle en 18 postes (profession actuelle ou dernière profession) – PCS2020 -- Catégorie socioprofessionnelle en 18 postes (profession actuelle ou dernière profession) – PCS2020";"10";"Agriculteurs exploitants"
"";"";"21";"Artisans"
"";"";"22";"Commerçants et assimilés"
"";"";"23";"Chefs d'entreprise de 10 salariés ou plus"
"";"";"31";"Professions libérales et assimilés"
"";"";"32";"Cadres de la fonction publique, professions intellectuelles et artistiques"
"";"";"36";"Cadres d'entreprise"
"";"";"41";"Professions intermédiaires de l'enseignement, de la santé, de la fonction publique et assimilés"
"";"";"46";"Professions intermédiaires administratives et commerciales des entreprises"
"";"";"47";"Techniciens"
"";"";"48";"Contremaîtres, agents de maîtrise"
"";"";"51";"Employés de la fonction publique"
"";"";"54";"Employés administratifs d'entreprise"
"";"";"55";"Employés de commerce"
"";"";"56";"Personnels des services directs aux particuliers"
"";"";"61";"Ouvriers qualifiés"
"";"";"66";"Ouvriers non qualifiés"
"";"";"69";"Ouvriers agricoles"
"";"";"6666";"Non concerné"
"";"";"9999";"Refuse de répondre"
"";"";"9996";"Non enquêté"
"eayy_pcs6_2020";"Groupe socioprofessionnel en 6 postes (profession actuelle ou dernière profession) – PCS2020 -- Groupe socioprofessionnel en 6 postes (profession actuelle ou dernière profession) – PCS2020";"1";"Agriculteurs exploitants"
"";"";"2";"Artisans, commerçants et chefs d'entreprise"
"";"";"3";"Cadres et professions intellectuelles supérieures"
"";"";"4";"Professions Intermédiaires"
"";"";"5";"Employés"
"";"";"6";"Ouvriers"
"";"";"6666";"Non concerné"
"";"";"9999";"Refuse de répondre"
"";"";"9996";"Non enquêté"
"eayy_pcs6cjt_2020";"Groupe socioprofessionnel en 6 postes (profession actuelle ou dernière profession) (conjoint) – PCS2020 -- Groupe socioprofessionnel en 6 postes (profession actuelle ou dernière profession) (conjoint) – PCS2020";"1";"Agriculteurs exploitants"
"";"";"2";"Artisans, commerçants et chefs d'entreprise"
"";"";"3";"Cadres et professions intellectuelles supérieures"
"";"";"4";"Professions Intermédiaires"
"";"";"5";"Employés"
"";"";"6";"Ouvriers"
"";"";"6666";"Non concerné"
"";"";"9999";"Refuse de répondre"
"";"";"9996";"Non enquêté"
"eayy_typmen5";"Variable calculée à partir du TCM -- Type de ménage (calcul)";"1";"Ménages d'une seule personne"
"";"";"2";"Familles monoparentales"
"";"";"3";"Couples sans enfant"
"";"";"4";"Couples avec enfant(s)"
"";"";"5";"Ménages complexes de plus d'une personne"
"";"";"9996";"Non enquêté"
"eayy_vague";"Vague de l'Enquête Annuelle ELIPSS -- ";"2019";"Variables appariées depuis la vague EA2019"
"";"";"2021";"Variables appariées depuis la vague EA2021"
"";"";"2022";"Variables appariées depuis la vague EA2022"
"";"";"2023";"Variables appariées depuis la vague EA2023"
"";"";"2024";"Variables appariées depuis la vague EA2024"
"";"";"9996";"Non enquêté"
